<?xml version="1.0" encoding="UTF-8"?>

<beans xmlns="http://www.springframework.org/schema/beans"
    xmlns:xsi="http://www.w3.org/2001/XMLSchema-instance"
    xmlns:context="http://www.springframework.org/schema/context"
    xsi:schemaLocation="http://www.springframework.org/schema/beans
        https://www.springframework.org/schema/beans/spring-beans.xsd
        http://www.springframework.org/schema/context
        http://www.springframework.org/schema/context/spring-context.xsd">
     
        
    <bean id="car" class="app.Car">
        	<property name="brand" value="Audi"></property>
        	<property name="engine" ref="engine1"></property>  
        <!-- collaborators and configuration for this bean go here -->
    </bean>
    
    <bean id="bike" class="app.Bike"></bean>
    <bean id="engine1" class="app.Bike">
    <property name="power" value="3000"></property>
    </bean>
    
    


</beans>